{
	"format_version": "1.8.0",
	"animations": {
		"animation.chinchilla.idle": {
			"loop": true,
			"animation_length": 2,
			"bones": {
				"tail": {
					"rotation": {
						"0.0": [0, 0, 0],
						"1.0": [5, 0, 0],
						"2.0": [0, 0, 0]
					}
				},
				"head": {
					"rotation": {
						"0.0": [0, 0, 0],
						"1.0": [2, 0, 0],
						"2.0": [0, 0, 0]
					}
				}
			}
		},
		"chinchilla.animation": {
			"loop": true,
			"animation_length": 3,
			"bones": {
				"body": {
					"relative_to": {
						"rotation": "entity"
					},
					"rotation": [0, 0, 0.01],
					"position": {
						"0.0": [0, 0, 0],
						"0.5": [0, 3, 0],
						"1.5417": [0, 0, 0]
					}
				},
				"head": {
					"rotation": {
						"0.0": [0, 0, 0],
						"0.7917": [0, 0, 7.5],
						"1.5": [0, 0, -2.5],
						"1.875": [0, 0, -12.5],
						"2.0833": [0, 0, 0]
					}
				},
				"tail": {
					"rotation": {
						"0.0": [0, 0, 0],
						"1.2917": [-27.5, 0, 0],
						"1.8333": [-2.5, 0, 0],
						"1.875": [-2.5, 0, 0],
						"2.4583": [-10.25679, -14.49399, 3.90527],
						"2.75": [-6.90948, 19.60263, -4.04738],
						"3.0": [-5.32962, -2.45953, 0.44814]
					}
				},
				"leg_front_right": {
					"rotation": {
						"0.75": [-30, 0, 0],
						"1.5": [0, 0, 0]
					}
				},
				"leg_front_left": {
					"rotation": {
						"0.0": [0, 0, 0],
						"0.75": [-30, 0, 0],
						"1.5": [0, 0, 0]
					}
				},
				"leg_back_right": {
					"rotation": {
						"0.0": [0, 0, 0],
						"1.0": [25, 0, 0],
						"1.5833": [2.5, 0, 0]
					}
				},
				"leg_back_left": {
					"rotation": {
						"0.0": [0, 0, 0],
						"1.0": [25, 0, 0],
						"1.5833": [2.5, 0, 0]
					}
				}
			}
		}
	}
}